Time (ms), accX, accY, accZ, gyroX, gyroY, gyroZ, tempC, Packet Error
21240, 10.0, 0.1, 0.1, -0.01, -0.01, -0.01, 24.1, 0
0, 0.0, 0.0, 0.0, 0.0, 0.0, 0.0, 0.0, 0
21704, 10.06, 0.1, 0.1, -0.02, -0.02, -0.02, 24.24, 0
21921, 10.18, 0.1, 0.1, -0.02, -0.02, -0.02, 24.29, 0
22213, 10.1, 0.1, 0.1, -0.02, -0.02, -0.02, 24.38, 0
0, 0.0, 0.0, 0.0, 0.0, 0.0, 0.0, 0.0, 0
22677, 10.08, 0.1, 0.1, -0.02, -0.02, -0.02, 24.34, 0
22970, 10.05, 0.1, 0.1, -0.02, -0.02, -0.02, 24.43, 0
0, 0.0, 0.0, 0.0, 0.0, 0.0, 0.0, 0.0, 0
23438, 10.16, 0.1, 0.1, -0.02, -0.02, -0.02, 24.38, 0
23656, 10.1, 0.1, 0.1, -0.02, -0.02, -0.02, 24.62, 0
23949, 10.1, 0.1, 0.1, -0.02, -0.02, -0.02, 24.48, 0
0, 0.0, 0.0, 0.0, 0.0, 0.0, 0.0, 0.0, 0
24415, 10.0, 0.1, 0.1, -0.02, -0.02, -0.02, 24.53, 0
24707, 10.1, 0.1, 0.1, -0.03, -0.03, -0.03, 24.67, 0
24838, 10.05, 0.1, 0.1, -0.02, -0.02, -0.02, 24.57, 0
25050, 10.0, 0.1, 0.1, -0.02, -0.02, -0.02, 24.57, 0
25269, 10.15, 0.1, 0.1, -0.02, -0.02, -0.02, 24.71, 0
25485, 10.05, 0.1, 0.1, -0.02, -0.02, -0.02, 24.57, 0
25777, 10.11, 0.1, 0.1, -0.03, -0.03, -0.03, 24.67, 0
0, 0.0, 0.0, 0.0, 0.0, 0.0, 0.0, 0.0, 0
26245, 10.04, 0.1, 0.1, -0.02, -0.02, -0.02, 24.76, 0
26531, 10.01, 0.1, 0.1, -0.02, -0.02, -0.02, 24.81, 0
26750, 10.24, 0.1, 0.1, -0.02, -0.02, -0.02, 24.81, 0
0, 0.0, 0.0, 0.0, 0.0, 0.0, 0.0, 0.0, 0
27220, 10.2, 0.1, 0.1, -0.02, -0.02, -0.02, 24.76, 0
27510, 10.12, 0.1, 0.1, -0.02, -0.02, -0.02, 24.76, 0
27652, 10.06, 0.1, 0.1, -0.02, -0.02, -0.02, 24.76, 0
27871, 10.14, 0.1, 0.1, -0.01, -0.01, -0.01, 24.81, 0
28090, 10.04, 0.1, 0.1, -0.02, -0.02, -0.02, 24.76, 0
28307, 9.78, 0.1, 0.1, -0.02, -0.02, -0.02, 24.76, 0
28523, 10.0, 0.1, 0.1, -0.02, -0.02, -0.02, 24.71, 0
28816, 10.03, 0.1, 0.1, -0.02, -0.02, -0.02, 24.9, 0
0, 0.0, 0.0, 0.0, 0.0, 0.0, 0.0, 0.0, 0
29268, 10.26, 0.1, 0.1, -0.03, -0.03, -0.03, 24.95, 0
29396, 10.14, 0.1, 0.1, -0.02, -0.02, -0.02, 25.0, 0
29610, 10.16, 0.1, 0.1, -0.02, -0.02, -0.02, 24.9, 0
29903, 10.1, 0.1, 0.1, -0.02, -0.02, -0.02, 25.0, 0
0, 0.0, 0.0, 0.0, 0.0, 0.0, 0.0, 0.0, 0
30368, 10.11, 0.1, 0.1, -0.02, -0.02, -0.02, 24.95, 0
0, 0.0, 0.0, 0.0, 0.0, 0.0, 0.0, 0.0, 0
30895, 10.08, 0.1, 0.1, -0.02, -0.02, -0.02, 25.04, 0
31022, 10.16, 0.1, 0.1, -0.02, -0.02, -0.02, 25.09, 0
31235, 10.27, 0.1, 0.1, -0.02, -0.02, -0.02, 25.14, 0
31436, 10.13, 0.1, 0.1, -0.01, -0.01, -0.01, 25.04, 0
31562, 10.07, 0.1, 0.1, -0.01, -0.01, -0.01, 25.09, 0
31778, 10.17, 0.1, 0.1, -0.02, -0.02, -0.02, 25.18, 0
31991, 10.1, 0.1, 0.1, -0.02, -0.02, -0.02, 25.14, 0
32284, 9.96, 0.1, 0.1, -0.01, -0.01, -0.01, 25.23, 0
0, 0.0, 0.0, 0.0, 0.0, 0.0, 0.0, 0.0, 0
32635, 10.13, 0.1, 0.1, -0.01, -0.01, -0.01, 25.23, 0
32925, 10.0, 0.1, 0.1, -0.02, -0.02, -0.02, 25.28, 0
33062, 10.1, 0.1, 0.1, -0.02, -0.02, -0.02, 25.23, 0
33261, 10.09, 0.1, 0.1, -0.02, -0.02, -0.02, 25.28, 0
33384, 10.04, 0.1, 0.1, -0.02, -0.02, -0.02, 25.28, 0
33601, 10.07, 0.1, 0.1, -0.02, -0.02, -0.02, 25.33, 0
33818, 10.02, 0.1, 0.1, -0.01, -0.01, -0.01, 25.28, 0
34032, 10.12, 0.1, 0.1, -0.02, -0.02, -0.02, 25.33, 0
34249, 9.85, 0.1, 0.1, -0.03, -0.03, -0.03, 25.28, 0
34469, 10.23, 0.1, 0.1, -0.02, -0.02, -0.02, 25.37, 0
34757, 10.27, 0.1, 0.1, -0.03, -0.03, -0.03, 25.47, 0
34975, 10.15, 0.1, 0.1, -0.02, -0.02, -0.02, 25.42, 0
35112, 10.16, 0.1, 0.1, -0.02, -0.02, -0.02, 25.51, 0
35313, 10.01, 0.1, 0.1, -0.02, -0.02, -0.02, 25.51, 0
35436, 10.09, 0.1, 0.1, -0.02, -0.02, -0.02, 25.47, 0
35728, 10.19, 0.1, 0.1, -0.01, -0.01, -0.01, 25.37, 0
0, 0.0, 0.0, 0.0, 0.0, 0.0, 0.0, 0.0, 0
36197, 10.14, 0.1, 0.1, -0.02, -0.02, -0.02, 25.42, 0
36411, 10.1, 0.1, 0.1, -0.02, -0.02, -0.02, 25.56, 0
36624, 9.93, 0.1, 0.1, -0.02, -0.02, -0.02, 25.56, 0
36821, 10.35, 0.1, 0.1, -0.02, -0.02, -0.02, 25.51, 0
36948, 10.17, 0.1, 0.1, -0.02, -0.02, -0.02, 25.51, 0
37161, 10.11, 0.1, 0.1, -0.02, -0.02, -0.02, 25.47, 0
37454, 10.06, 0.1, 0.1, -0.02, -0.02, -0.02, 25.56, 0
0, 0.0, 0.0, 0.0, 0.0, 0.0, 0.0, 0.0, 0
37908, 10.11, 0.1, 0.1, -0.02, -0.02, -0.02, 25.61, 0
38108, 9.94, 0.1, 0.1, -0.02, -0.02, -0.02, 25.65, 0
0, 0.0, 0.0, 0.0, 0.0, 0.0, 0.0, 0.0, 0
38574, 10.01, 0.1, 0.1, -0.02, -0.02, -0.02, 25.65, 0
38787, 10.06, 0.1, 0.1, -0.02, -0.02, -0.02, 25.65, 0
39081, 10.12, 0.1, 0.1, -0.02, -0.02, -0.02, 25.75, 0
39218, 10.24, 0.1, 0.1, -0.02, -0.02, -0.02, 25.7, 0
39419, 10.05, 0.1, 0.1, -0.02, -0.02, -0.02, 25.65, 0
39547, 10.02, 0.1, 0.1, -0.02, -0.02, -0.02, 25.7, 0
39752, 10.01, 0.1, 0.1, -0.02, -0.02, -0.02, 25.7, 0
39951, 10.01, 0.1, 0.1, -0.02, -0.02, -0.02, 25.8, 0
40168, 10.04, 0.1, 0.1, -0.02, -0.02, -0.02, 25.75, 0
0, 0.0, 0.0, 0.0, 0.0, 0.0, 0.0, 0.0, 0
40636, 9.94, 0.1, 0.1, -0.02, -0.02, -0.02, 25.7, 0
40925, 10.13, 0.1, 0.1, -0.02, -0.02, -0.02, 25.89, 0
41070, 10.05, 0.1, 0.1, -0.02, -0.02, -0.02, 25.84, 0
41284, 10.06, 0.1, 0.1, -0.02, -0.02, -0.02, 25.89, 0
41505, 10.04, 0.1, 0.1, -0.02, -0.02, -0.02, 25.89, 0
41723, 10.05, 0.1, 0.1, -0.02, -0.02, -0.02, 25.98, 0
41936, 10.02, 0.1, 0.1, -0.01, -0.01, -0.01, 25.94, 0
42230, 10.08, 0.1, 0.1, -0.02, -0.02, -0.02, 25.98, 0
0, 0.0, 0.0, 0.0, 0.0, 0.0, 0.0, 0.0, 0
42583, 10.13, 0.1, 0.1, -0.01, -0.01, -0.01, 25.94, 0
42800, 10.24, 0.1, 0.1, -0.02, -0.02, -0.02, 25.98, 0
0, 0.0, 0.0, 0.0, 0.0, 0.0, 0.0, 0.0, 0
43332, 10.12, 0.1, 0.1, -0.02, -0.02, -0.02, 25.94, 0
43459, 10.1, 0.1, 0.1, -0.02, -0.02, -0.02, 25.98, 0
43672, 10.05, 0.1, 0.1, -0.02, -0.02, -0.02, 25.98, 0
43963, 10.02, 0.1, 0.1, -0.02, -0.02, -0.02, 25.98, 0
0, 0.0, 0.0, 0.0, 0.0, 0.0, 0.0, 0.0, 0
44430, 10.05, 0.1, 0.1, -0.02, -0.02, -0.02, 26.03, 0
44719, 9.79, 0.1, 0.1, -0.02, -0.02, -0.02, 26.03, 0
44936, 10.04, 0.1, 0.1, -0.02, -0.02, -0.02, 26.08, 0
0, 0.0, 0.0, 0.0, 0.0, 0.0, 0.0, 0.0, 0
45401, 9.81, 0.1, 0.1, -0.02, -0.02, -0.02, 26.13, 0
45694, 10.16, 0.1, 0.1, -0.02, -0.02, -0.02, 26.17, 0
0, 0.0, 0.0, 0.0, 0.0, 0.0, 0.0, 0.0, 0
46228, 10.12, 0.1, 0.1, -0.02, -0.02, -0.02, 26.08, 0
46366, 10.06, 0.1, 0.1, -0.03, -0.03, -0.03, 26.17, 0
46565, 10.28, 0.1, 0.1, -0.02, -0.02, -0.02, 26.13, 0
46688, 10.22, 0.1, 0.1, -0.02, -0.02, -0.02, 26.13, 0
46975, 10.14, 0.1, 0.1, -0.02, -0.02, -0.02, 26.22, 0
0, 0.0, 0.0, 0.0, 0.0, 0.0, 0.0, 0.0, 0
47517, 10.05, 0.1, 0.1, -0.01, -0.01, -0.01, 26.13, 0
0, 0.0, 0.0, 0.0, 0.0, 0.0, 0.0, 0.0, 0
47985, 10.12, 0.1, 0.1, -0.02, -0.02, -0.02, 26.17, 0
48199, 10.09, 0.1, 0.1, -0.02, -0.02, -0.02, 26.17, 0
48492, 10.14, 0.1, 0.1, -0.02, -0.02, -0.02, 26.17, 0
0, 0.0, 0.0, 0.0, 0.0, 0.0, 0.0, 0.0, 0
48963, 10.01, 0.1, 0.1, -0.02, -0.02, -0.02, 26.31, 0
0, 0.0, 0.0, 0.0, 0.0, 0.0, 0.0, 0.0, 0
49489, 10.15, 0.1, 0.1, -0.02, -0.02, -0.02, 26.41, 0
49691, 10.03, 0.1, 0.1, -0.03, -0.03, -0.03, 26.31, 0
49828, 10.17, 0.1, 0.1, -0.02, -0.02, -0.02, 26.27, 0
50029, 10.12, 0.1, 0.1, -0.02, -0.02, -0.02, 26.31, 0
50152, 9.99, 0.1, 0.1, -0.02, -0.02, -0.02, 26.22, 0
50371, 10.12, 0.1, 0.1, -0.02, -0.02, -0.02, 26.36, 0
50660, 10.04, 0.1, 0.1, -0.02, -0.02, -0.02, 26.36, 0
50877, 9.99, 0.1, 0.1, -0.02, -0.02, -0.02, 26.22, 0
0, 0.0, 0.0, 0.0, 0.0, 0.0, 0.0, 0.0, 0
51350, 10.08, 0.1, 0.1, -0.02, -0.02, -0.02, 26.36, 0
51639, 10.06, 0.1, 0.1, -0.02, -0.02, -0.02, 26.31, 0
0, 0.0, 0.0, 0.0, 0.0, 0.0, 0.0, 0.0, 0
52108, 10.13, 0.1, 0.1, -0.02, -0.02, -0.02, 26.36, 0
52323, 10.09, 0.1, 0.1, -0.02, -0.02, -0.02, 26.41, 0
52542, 10.2, 0.1, 0.1, -0.02, -0.02, -0.02, 26.45, 0
0, 0.0, 0.0, 0.0, 0.0, 0.0, 0.0, 0.0, 0
53087, 10.17, 0.1, 0.1, -0.02, -0.02, -0.02, 26.55, 0
53369, 10.11, 0.1, 0.1, -0.01, -0.01, -0.01, 26.5, 0
53514, 10.15, 0.1, 0.1, -0.02, -0.02, -0.02, 26.5, 0
53711, 10.1, 0.1, 0.1, -0.02, -0.02, -0.02, 26.55, 0
53838, 10.01, 0.1, 0.1, -0.02, -0.02, -0.02, 26.55, 0
54054, 10.11, 0.1, 0.1, -0.02, -0.02, -0.02, 26.5, 0
54271, 10.02, 0.1, 0.1, -0.02, -0.02, -0.02, 26.64, 0
0, 0.0, 0.0, 0.0, 0.0, 0.0, 0.0, 0.0, 0
54811, 10.07, 0.1, 0.1, -0.02, -0.02, -0.02, 26.69, 0
55100, 10.14, 0.1, 0.1, -0.02, -0.02, -0.02, 26.69, 0
0, 0.0, 0.0, 0.0, 0.0, 0.0, 0.0, 0.0, 0
55569, 9.94, 0.1, 0.1, -0.02, -0.02, -0.02, 26.64, 0
55785, 10.04, 0.1, 0.1, -0.02, -0.02, -0.02, 26.69, 0
56079, 10.05, 0.1, 0.1, -0.02, -0.02, -0.02, 26.6, 0
0, 0.0, 0.0, 0.0, 0.0, 0.0, 0.0, 0.0, 0
56547, 10.17, 0.1, 0.1, -0.02, -0.02, -0.02, 26.74, 0
56837, 10.06, 0.1, 0.1, -0.02, -0.02, -0.02, 26.78, 0
57054, 10.1, 0.1, 0.1, -0.02, -0.02, -0.02, 26.83, 0
0, 0.0, 0.0, 0.0, 0.0, 0.0, 0.0, 0.0, 0
57505, 10.11, 0.1, 0.1, -0.01, -0.01, -0.01, 26.83, 0
57634, 10.13, 0.1, 0.1, -0.02, -0.02, -0.02, 26.78, 0
57923, 10.09, 0.1, 0.1, -0.02, -0.02, -0.02, 26.88, 0
58137, 10.02, 0.1, 0.1, -0.02, -0.02, -0.02, 26.93, 0
0, 0.0, 0.0, 0.0, 0.0, 0.0, 0.0, 0.0, 0
58607, 10.05, 0.1, 0.1, -0.02, -0.02, -0.02, 26.88, 0
58896, 10.08, 0.1, 0.1, -0.02, -0.02, -0.02, 26.93, 0
59113, 10.04, 0.1, 0.1, -0.02, -0.02, -0.02, 26.88, 0
59254, 10.11, 0.1, 0.1, -0.02, -0.02, -0.02, 26.97, 0
59550, 10.1, 0.1, 0.1, -0.02, -0.02, -0.02, 26.93, 0
0, 0.0, 0.0, 0.0, 0.0, 0.0, 0.0, 0.0, 0
60018, 10.04, 0.1, 0.1, -0.02, -0.02, -0.02, 26.97, 0
60310, 10.1, 0.1, 0.1, -0.02, -0.02, -0.02, 26.97, 0
60525, 10.08, 0.1, 0.1, -0.03, -0.03, -0.03, 26.93, 0
0, 0.0, 0.0, 0.0, 0.0, 0.0, 0.0, 0.0, 0
60992, 10.09, 0.1, 0.1, -0.02, -0.02, -0.02, 26.78, 0
61212, 10.09, 0.1, 0.1, -0.01, -0.01, -0.01, 26.78, 0
61429, 10.1, 0.1, 0.1, -0.02, -0.02, -0.02, 26.83, 0
61643, 10.03, 0.1, 0.1, -0.03, -0.03, -0.03, 26.78, 0
61936, 10.1, 0.1, 0.1, -0.02, -0.02, -0.02, 26.93, 0
0, 0.0, 0.0, 0.0, 0.0, 0.0, 0.0, 0.0, 0
62405, 10.12, 0.1, 0.1, -0.02, -0.02, -0.02, 26.88, 0
62694, 10.12, 0.1, 0.1, -0.02, -0.02, -0.02, 26.97, 0
62831, 10.07, 0.1, 0.1, -0.02, -0.02, -0.02, 26.88, 0
63030, 10.07, 0.1, 0.1, -0.02, -0.02, -0.02, 27.07, 0
63156, 10.07, 0.1, 0.1, -0.02, -0.02, -0.02, 26.93, 0
63372, 10.1, 0.1, 0.1, -0.02, -0.02, -0.02, 26.97, 0
63661, 10.01, 0.1, 0.1, -0.02, -0.02, -0.02, 27.02, 0
0, 0.0, 0.0, 0.0, 0.0, 0.0, 0.0, 0.0, 0
64132, 10.17, 0.1, 0.1, -0.02, -0.02, -0.02, 27.07, 0
64421, 10.07, 0.1, 0.1, -0.02, -0.02, -0.02, 27.16, 0
64638, 10.16, 0.1, 0.1, -0.02, -0.02, -0.02, 27.21, 0
64769, 9.99, 0.1, 0.1, -0.02, -0.02, -0.02, 27.16, 0
65056, 9.97, 0.1, 0.1, -0.01, -0.01, -0.01, 27.21, 0
65203, 10.03, 0.1, 0.1, -0.02, -0.02, -0.02, 27.16, 0
65491, 10.2, 0.1, 0.1, -0.02, -0.02, -0.02, 27.16, 0
65708, 10.13, 0.1, 0.1, -0.02, -0.02, -0.02, 27.25, 0
0, 0.0, 0.0, 0.0, 0.0, 0.0, 0.0, 0.0, 0
66161, 10.11, 0.1, 0.1, -0.02, -0.02, -0.02, 27.3, 0
66302, 10.02, 0.1, 0.1, -0.02, -0.02, -0.02, 27.25, 0
66505, 10.08, 0.1, 0.1, -0.02, -0.02, -0.02, 27.25, 0
66632, 9.94, 0.1, 0.1, -0.02, -0.02, -0.02, 27.21, 0
66920, 10.14, 0.1, 0.1, -0.02, -0.02, -0.02, 27.25, 0
67068, 10.12, 0.1, 0.1, -0.02, -0.02, -0.02, 27.25, 0
67280, 9.96, 0.1, 0.1, -0.01, -0.01, -0.01, 27.25, 0
67499, 10.08, 0.1, 0.1, -0.02, -0.02, -0.02, 27.16, 0
67638, 10.04, 0.1, 0.1, -0.02, -0.02, -0.02, 27.25, 0
67843, 10.05, 0.1, 0.1, -0.02, -0.02, -0.02, 27.35, 0
67968, 10.09, 0.1, 0.1, -0.02, -0.02, -0.02, 27.3, 0
68169, 10.08, 0.1, 0.1, -0.02, -0.02, -0.02, 27.21, 0
68371, 10.1, 0.1, 0.1, -0.02, -0.02, -0.02, 27.35, 0
68512, 9.97, 0.1, 0.1, -0.02, -0.02, -0.02, 27.3, 0
68726, 9.98, 0.1, 0.1, -0.01, -0.01, -0.01, 27.35, 0
68927, 10.02, 0.1, 0.1, -0.02, -0.02, -0.02, 27.35, 0
69035, 10.01, 0.1, 0.1, -0.02, -0.02, -0.02, 27.35, 0
69257, 10.1, 0.1, 0.1, -0.02, -0.02, -0.02, 27.3, 0
69395, 10.08, 0.1, 0.1, -0.02, -0.02, -0.02, 27.21, 0
69612, 10.08, 0.1, 0.1, -0.02, -0.02, -0.02, 27.25, 0
69825, 10.14, 0.1, 0.1, -0.03, -0.03, -0.03, 27.4, 0
0, 0.0, 0.0, 0.0, 0.0, 0.0, 0.0, 0.0, 0
70266, 9.91, 0.1, 0.1, -0.02, -0.02, -0.02, 27.4, 0
70409, 10.05, 0.1, 0.1, -0.02, -0.02, -0.02, 27.3, 0
70610, 9.97, 0.1, 0.1, -0.02, -0.02, -0.02, 27.4, 0
70734, 10.04, 0.1, 0.1, -0.02, -0.02, -0.02, 27.35, 0
70951, 10.1, 0.1, 0.1, -0.02, -0.02, -0.02, 27.49, 0
71159, 10.1, 0.1, 0.1, -0.02, -0.02, -0.02, 27.35, 0
71297, 10.17, 0.1, 0.1, -0.02, -0.02, -0.02, 27.44, 0
71498, 10.06, 0.1, 0.1, -0.03, -0.03, -0.03, 27.44, 0
71696, 10.1, 0.1, 0.1, -0.02, -0.02, -0.02, 27.35, 0
71835, 10.08, 0.1, 0.1, -0.02, -0.02, -0.02, 27.3, 0
72038, 10.01, 0.1, 0.1, -0.02, -0.02, -0.02, 27.3, 0
0, 0.0, 0.0, 0.0, 0.0, 0.0, 0.0, 0.0, 0
72505, 10.11, 0.1, 0.1, -0.02, -0.02, -0.02, 27.35, 0
72718, 10.08, 0.1, 0.1, -0.02, -0.02, -0.02, 27.4, 0
73012, 10.16, 0.1, 0.1, -0.02, -0.02, -0.02, 27.44, 0
73158, 10.04, 0.1, 0.1, -0.02, -0.02, -0.02, 27.4, 0
73409, 9.99, 0.1, 0.1, -0.02, -0.02, -0.02, 27.58, 0
73536, 10.28, 0.1, 0.1, -0.02, -0.02, -0.02, 27.4, 0
73750, 9.97, 0.1, 0.1, -0.02, -0.02, -0.02, 27.54, 0
73969, 10.05, 0.1, 0.1, -0.02, -0.02, -0.02, 27.49, 0
74182, 10.08, 0.1, 0.1, -0.02, -0.02, -0.02, 27.49, 0
74475, 9.99, 0.1, 0.1, -0.02, -0.02, -0.02, 27.49, 0
0, 0.0, 0.0, 0.0, 0.0, 0.0, 0.0, 0.0, 0
74940, 10.01, 0.1, 0.1, -0.02, -0.02, -0.02, 27.54, 0
75166, 10.09, 0.1, 0.1, -0.03, -0.03, -0.03, 27.54, 0
75369, 10.13, 0.1, 0.1, -0.01, -0.01, -0.01, 27.49, 0
75492, 10.12, 0.1, 0.1, -0.02, -0.02, -0.02, 27.54, 0
75712, 10.12, 0.1, 0.1, -0.02, -0.02, -0.02, 27.54, 0
76001, 10.19, 0.1, 0.1, -0.01, -0.01, -0.01, 27.54, 0
76145, 9.95, 0.1, 0.1, -0.02, -0.02, -0.02, 27.49, 0
76283, 10.04, 0.1, 0.1, -0.02, -0.02, -0.02, 27.54, 0
76484, 10.02, 0.1, 0.1, -0.01, -0.01, -0.01, 27.49, 0
76607, 9.93, 0.1, 0.1, -0.02, -0.02, -0.02, 27.49, 0
76824, 10.0, 0.1, 0.1, -0.01, -0.01, -0.01, 27.54, 0
77037, 10.08, 0.1, 0.1, -0.02, -0.02, -0.02, 27.49, 0
77258, 10.06, 0.1, 0.1, -0.02, -0.02, -0.02, 27.49, 0
77381, 10.2, 0.1, 0.1, -0.02, -0.02, -0.02, 27.54, 0
77599, 9.93, 0.1, 0.1, -0.02, -0.02, -0.02, 27.49, 0
0, 0.0, 0.0, 0.0, 0.0, 0.0, 0.0, 0.0, 0
78131, 10.0, 0.1, 0.1, -0.02, -0.02, -0.02, 27.49, 0
0, 0.0, 0.0, 0.0, 0.0, 0.0, 0.0, 0.0, 0
78601, 9.99, 0.1, 0.1, -0.02, -0.02, -0.02, 27.63, 0
78890, 10.05, 0.1, 0.1, -0.02, -0.02, -0.02, 27.58, 0
79031, 10.11, 0.1, 0.1, -0.02, -0.02, -0.02, 27.68, 0
79252, 10.1, 0.1, 0.1, -0.02, -0.02, -0.02, 27.68, 0
0, 0.0, 0.0, 0.0, 0.0, 0.0, 0.0, 0.0, 0
79714, 10.1, 0.1, 0.1, -0.02, -0.02, -0.02, 27.58, 0
80003, 10.08, 0.1, 0.1, -0.02, -0.02, -0.02, 27.68, 0
80141, 10.08, 0.1, 0.1, -0.02, -0.02, -0.02, 27.68, 0
80338, 9.99, 0.1, 0.1, -0.02, -0.02, -0.02, 27.68, 0
80464, 9.88, 0.1, 0.1, -0.02, -0.02, -0.02, 27.73, 0
80753, 10.03, 0.1, 0.1, -0.03, -0.03, -0.03, 27.73, 0
80893, 10.19, 0.1, 0.1, -0.02, -0.02, -0.02, 27.77, 0
81127, 10.07, 0.1, 0.1, -0.02, -0.02, -0.02, 27.68, 0
81326, 10.06, 0.1, 0.1, -0.03, -0.03, -0.03, 27.82, 0
81450, 10.04, 0.1, 0.1, -0.01, -0.01, -0.01, 27.68, 0
81667, 10.04, 0.1, 0.1, -0.02, -0.02, -0.02, 27.77, 0
0, 0.0, 0.0, 0.0, 0.0, 0.0, 0.0, 0.0, 0
82203, 10.2, 0.1, 0.1, -0.02, -0.02, -0.02, 27.77, 0
82330, 9.97, 0.1, 0.1, -0.01, -0.01, -0.01, 27.82, 0
82547, 9.94, 0.1, 0.1, -0.02, -0.02, -0.02, 27.77, 0
82836, 10.04, 0.1, 0.1, -0.02, -0.02, -0.02, 27.82, 0
0, 0.0, 0.0, 0.0, 0.0, 0.0, 0.0, 0.0, 0
83286, 10.16, 0.1, 0.1, -0.02, -0.02, -0.02, 27.73, 0
83426, 9.97, 0.1, 0.1, -0.03, -0.03, -0.03, 27.73, 0
83641, 9.96, 0.1, 0.1, -0.02, -0.02, -0.02, 27.68, 0
83930, 10.14, 0.1, 0.1, -0.02, -0.02, -0.02, 27.68, 0
84041, 10.03, 0.1, 0.1, -0.02, -0.02, -0.02, 27.63, 0
84364, 10.03, 0.1, 0.1, -0.02, -0.02, -0.02, 27.58, 0
84581, 10.02, 0.1, 0.1, -0.02, -0.02, -0.02, 27.54, 0
0, 0.0, 0.0, 0.0, 0.0, 0.0, 0.0, 0.0, 0
85033, 10.0, 0.1, 0.1, -0.02, -0.02, -0.02, 27.58, 0
85260, 10.06, 0.1, 0.1, -0.02, -0.02, -0.02, 27.68, 0
85389, 10.05, 0.1, 0.1, -0.02, -0.02, -0.02, 27.73, 0
85606, 10.1, 0.1, 0.1, -0.02, -0.02, -0.02, 27.77, 0
85895, 9.74, 0.1, 0.1, -0.02, -0.02, -0.02, 27.73, 0
86112, 10.16, 0.1, 0.1, -0.03, -0.03, -0.03, 27.68, 0
0, 0.0, 0.0, 0.0, 0.0, 0.0, 0.0, 0.0, 0
86581, 10.15, 0.1, 0.1, -0.02, -0.02, -0.02, 27.87, 0
86870, 10.14, 0.1, 0.1, -0.02, -0.02, -0.02, 27.68, 0
87085, 10.08, 0.1, 0.1, -0.02, -0.02, -0.02, 27.73, 0
87304, 10.1, 0.1, 0.1, -0.02, -0.02, -0.02, 27.77, 0
87521, 10.2, 0.1, 0.1, -0.02, -0.02, -0.02, 27.77, 0
0, 0.0, 0.0, 0.0, 0.0, 0.0, 0.0, 0.0, 0
87989, 10.1, 0.1, 0.1, -0.02, -0.02, -0.02, 27.82, 0
88195, 10.03, 0.1, 0.1, -0.02, -0.02, -0.02, 27.77, 0
88321, 10.11, 0.1, 0.1, -0.02, -0.02, -0.02, 27.87, 0
88614, 10.13, 0.1, 0.1, -0.02, -0.02, -0.02, 27.87, 0
0, 0.0, 0.0, 0.0, 0.0, 0.0, 0.0, 0.0, 0
89047, 10.09, 0.1, 0.1, -0.03, -0.03, -0.03, 27.87, 0
89284, 10.12, 0.1, 0.1, -0.02, -0.02, -0.02, 27.82, 0
89481, 10.07, 0.1, 0.1, -0.02, -0.02, -0.02, 27.87, 0
89607, 9.96, 0.1, 0.1, -0.02, -0.02, -0.02, 27.77, 0
89824, 10.11, 0.1, 0.1, -0.02, -0.02, -0.02, 27.82, 0
90037, 10.09, 0.1, 0.1, -0.02, -0.02, -0.02, 27.87, 0
90261, 10.07, 0.1, 0.1, -0.02, -0.02, -0.02, 27.87, 0
90384, 10.11, 0.1, 0.1, -0.02, -0.02, -0.02, 27.82, 0
90601, 10.14, 0.1, 0.1, -0.02, -0.02, -0.02, 27.87, 0
90890, 10.17, 0.1, 0.1, -0.02, -0.02, -0.02, 27.91, 0
91031, 10.05, 0.1, 0.1, -0.02, -0.02, -0.02, 27.82, 0
91240, 10.05, 0.1, 0.1, -0.02, -0.02, -0.02, 27.96, 0
0, 0.0, 0.0, 0.0, 0.0, 0.0, 0.0, 0.0, 0
91717, 10.08, 0.1, 0.1, -0.02, -0.02, -0.02, 27.91, 0
91933, 10.04, 0.1, 0.1, -0.02, -0.02, -0.02, 27.87, 0
92224, 10.14, 0.1, 0.1, -0.02, -0.02, -0.02, 27.96, 0
92362, 10.24, 0.1, 0.1, -0.02, -0.02, -0.02, 27.82, 0
92567, 10.07, 0.1, 0.1, -0.03, -0.03, -0.03, 27.77, 0
92690, 10.17, 0.1, 0.1, -0.02, -0.02, -0.02, 27.87, 0
92982, 10.08, 0.1, 0.1, -0.02, -0.02, -0.02, 27.87, 0
0, 0.0, 0.0, 0.0, 0.0, 0.0, 0.0, 0.0, 0
93440, 9.95, 0.1, 0.1, -0.01, -0.01, -0.01, 27.77, 0
93567, 10.1, 0.1, 0.1, -0.02, -0.02, -0.02, 27.82, 0
93783, 10.04, 0.1, 0.1, -0.02, -0.02, -0.02, 27.87, 0
94076, 10.05, 0.1, 0.1, -0.02, -0.02, -0.02, 27.91, 0
94222, 10.1, 0.1, 0.1, -0.02, -0.02, -0.02, 28.01, 0
94445, 10.02, 0.1, 0.1, -0.02, -0.02, -0.02, 27.96, 0
0, 0.0, 0.0, 0.0, 0.0, 0.0, 0.0, 0.0, 0
94988, 10.1, 0.1, 0.1, -0.02, -0.02, -0.02, 28.05, 0
0, 0.0, 0.0, 0.0, 0.0, 0.0, 0.0, 0.0, 0
95518, 10.21, 0.1, 0.1, -0.02, -0.02, -0.02, 28.1, 0
95642, 10.01, 0.1, 0.1, -0.02, -0.02, -0.02, 28.05, 0
95935, 10.07, 0.1, 0.1, -0.01, -0.01, -0.01, 28.01, 0
96191, 10.06, 0.1, 0.1, -0.02, -0.02, -0.02, 28.01, 0
96315, 9.95, 0.1, 0.1, -0.02, -0.02, -0.02, 28.05, 0
0, 0.0, 0.0, 0.0, 0.0, 0.0, 0.0, 0.0, 0
96859, 9.95, 0.1, 0.1, -0.02, -0.02, -0.02, 28.05, 0
97072, 10.17, 0.1, 0.1, -0.02, -0.02, -0.02, 28.15, 0
97287, 10.06, 0.1, 0.1, -0.02, -0.02, -0.02, 27.91, 0
97414, 9.89, 0.1, 0.1, -0.02, -0.02, -0.02, 28.01, 0
97631, 10.24, 0.1, 0.1, -0.02, -0.02, -0.02, 27.96, 0
97920, 9.92, 0.1, 0.1, -0.02, -0.02, -0.02, 28.05, 0
98045, 10.09, 0.1, 0.1, -0.01, -0.01, -0.01, 28.01, 0
98281, 10.06, 0.1, 0.1, -0.01, -0.01, -0.01, 28.05, 0
98573, 10.22, 0.1, 0.1, -0.03, -0.03, -0.03, 27.96, 0
0, 0.0, 0.0, 0.0, 0.0, 0.0, 0.0, 0.0, 0
99041, 10.45, 0.1, 0.1, -0.01, -0.01, -0.01, 27.96, 0
99262, 10.05, 0.1, 0.1, -0.02, -0.02, -0.02, 28.01, 0
99479, 9.88, 0.1, 0.1, -0.02, -0.02, -0.02, 28.05, 0
99693, 10.07, 0.1, 0.1, -0.02, -0.02, -0.02, 28.1, 0
99906, 10.11, 0.1, 0.1, -0.02, -0.02, -0.02, 28.1, 0
100087, 10.16, 0.1, 0.1, -0.02, -0.02, -0.02, 28.1, 0
100234, 10.11, 0.1, 0.1, -0.02, -0.02, -0.02, 28.24, 0
100523, 10.01, 0.1, 0.1, -0.02, -0.02, -0.02, 28.15, 0
100740, 9.99, 0.1, 0.1, -0.02, -0.02, -0.02, 28.2, 0
0, 0.0, 0.0, 0.0, 0.0, 0.0, 0.0, 0.0, 0
101209, 10.05, 0.1, 0.1, -0.02, -0.02, -0.02, 28.2, 0
101502, 9.94, 0.1, 0.1, -0.02, -0.02, -0.02, 28.2, 0
0, 0.0, 0.0, 0.0, 0.0, 0.0, 0.0, 0.0, 0
101970, 10.15, 0.1, 0.1, -0.02, -0.02, -0.02, 28.34, 0
102177, 10.08, 0.1, 0.1, -0.02, -0.02, -0.02, 28.29, 0
102315, 9.98, 0.1, 0.1, -0.02, -0.02, -0.02, 28.29, 0
102516, 10.14, 0.1, 0.1, -0.02, -0.02, -0.02, 28.38, 0
102639, 10.1, 0.1, 0.1, -0.02, -0.02, -0.02, 28.24, 0
102859, 10.08, 0.1, 0.1, -0.02, -0.02, -0.02, 28.24, 0
0, 0.0, 0.0, 0.0, 0.0, 0.0, 0.0, 0.0, 0
103391, 10.13, 0.1, 0.1, -0.02, -0.02, -0.02, 28.24, 0
103518, 10.19, 0.1, 0.1, -0.02, -0.02, -0.02, 28.29, 0
103807, 10.1, 0.1, 0.1, -0.02, -0.02, -0.02, 28.24, 0
104022, 10.08, 0.1, 0.1, -0.01, -0.01, -0.01, 28.1, 0
104148, 10.05, 0.1, 0.1, -0.02, -0.02, -0.02, 28.1, 0
104294, 10.11, 0.1, 0.1, -0.02, -0.02, -0.02, 28.2, 0
104506, 10.0, 0.1, 0.1, -0.02, -0.02, -0.02, 28.15, 0
104802, 10.1, 0.1, 0.1, -0.02, -0.02, -0.02, 28.2, 0
105051, 10.15, 0.1, 0.1, -0.02, -0.02, -0.02, 28.2, 0
105182, 10.05, 0.1, 0.1, -0.02, -0.02, -0.02, 28.2, 0
105400, 10.17, 0.1, 0.1, -0.02, -0.02, -0.02, 28.2, 0
105613, 10.03, 0.1, 0.1, -0.02, -0.02, -0.02, 28.2, 0
105814, 9.96, 0.1, 0.1, -0.03, -0.03, -0.03, 28.1, 0
105937, 10.21, 0.1, 0.1, -0.02, -0.02, -0.02, 28.15, 0
106154, 10.01, 0.1, 0.1, -0.01, -0.01, -0.01, 28.15, 0
106288, 10.1, 0.1, 0.1, -0.01, -0.01, -0.01, 28.1, 0
106485, 10.13, 0.1, 0.1, -0.02, -0.02, -0.02, 28.15, 0
106684, 10.0, 0.1, 0.1, -0.02, -0.02, -0.02, 28.1, 0
106823, 10.14, 0.1, 0.1, -0.02, -0.02, -0.02, 28.1, 0
107021, 10.08, 0.1, 0.1, -0.01, -0.01, -0.01, 28.1, 0
107159, 10.12, 0.1, 0.1, -0.02, -0.02, -0.02, 28.1, 0
107357, 10.11, 0.1, 0.1, -0.02, -0.02, -0.02, 28.05, 0
107484, 10.07, 0.1, 0.1, -0.02, -0.02, -0.02, 28.2, 0
107702, 10.15, 0.1, 0.1, -0.02, -0.02, -0.02, 28.1, 0
107995, 9.75, 0.1, 0.1, -0.02, -0.02, -0.02, 28.1, 0
0, 0.0, 0.0, 0.0, 0.0, 0.0, 0.0, 0.0, 0
108454, 10.17, 0.1, 0.1, -0.01, -0.01, -0.01, 28.24, 0
108582, 10.06, 0.1, 0.1, -0.02, -0.02, -0.02, 28.24, 0
108870, 10.08, 0.1, 0.1, -0.02, -0.02, -0.02, 28.24, 0
109085, 10.16, 0.1, 0.1, -0.02, -0.02, -0.02, 28.24, 0
109231, 995, -39, -964, -6, -4, -2563, 2815, 1
109449, 10.16, 0.1, 0.1, -0.02, -0.02, -0.02, 28.29, 0
0, 0.0, 0.0, 0.0, 0.0, 0.0, 0.0, 0.0, 0
109991, 10.06, 0.1, 0.1, -0.01, -0.01, -0.01, 28.2, 0
110205, 10.04, 0.1, 0.1, -0.02, -0.02, -0.02, 28.2, 0
110332, 10.13, 0.1, 0.1, -0.02, -0.02, -0.02, 28.34, 0
110621, 10.11, 0.1, 0.1, -0.02, -0.02, -0.02, 28.34, 0
0, 0.0, 0.0, 0.0, 0.0, 0.0, 0.0, 0.0, 0
111059, 10.01, 0.1, 0.1, -0.02, -0.02, -0.02, 28.34, 0
111379, 10.11, 0.1, 0.1, -0.02, -0.02, -0.02, 28.43, 0
0, 0.0, 0.0, 0.0, 0.0, 0.0, 0.0, 0.0, 0
111914, 10.08, 0.1, 0.1, -0.02, -0.02, -0.02, 28.43, 0
112178, 10.06, 0.1, 0.1, -0.02, -0.02, -0.02, 28.48, 0
112305, 9.95, 0.1, 0.1, -0.01, -0.01, -0.01, 28.43, 0
112519, 10.12, 0.1, 0.1, -0.02, -0.02, -0.02, 28.53, 0
112734, 9.99, 0.1, 0.1, -0.01, -0.01, -0.01, 28.48, 0
112950, 10.05, 0.1, 0.1, -0.01, -0.01, -0.01, 28.53, 0
113162, 10.07, 0.1, 0.1, -0.01, -0.01, -0.01, 28.48, 0
113299, 10.02, 0.1, 0.1, -0.01, -0.01, -0.01, 28.57, 0
113497, 10.02, 0.1, 0.1, -0.02, -0.02, -0.02, 28.57, 0
113624, 10.05, 0.1, 0.1, -0.02, -0.02, -0.02, 28.43, 0
113916, 9.94, 0.1, 0.1, -0.03, -0.03, -0.03, 28.62, 0
114133, 9.99, 0.1, 0.1, -0.02, -0.02, -0.02, 28.53, 0
114352, 10.11, 0.1, 0.1, -0.02, -0.02, -0.02, 28.57, 0
114569, 10.07, 0.1, 0.1, -0.03, -0.03, -0.03, 28.53, 0
0, 0.0, 0.0, 0.0, 0.0, 0.0, 0.0, 0.0, 0
115033, 10.12, 0.1, 0.1, -0.02, -0.02, -0.02, 28.48, 0
115332, 10.03, 0.1, 0.1, -0.02, -0.02, -0.02, 28.53, 0
0, 0.0, 0.0, 0.0, 0.0, 0.0, 0.0, 0.0, 0
115816, 10.2, 0.1, 0.1, -0.02, -0.02, -0.02, 28.43, 0
116016, 10.0, 0.1, 0.1, -0.01, -0.01, -0.01, 28.48, 0
116148, 10.17, 0.1, 0.1, -0.02, -0.02, -0.02, 28.57, 0
116349, 9.97, 0.1, 0.1, -0.02, -0.02, -0.02, 28.53, 0
116473, 10.29, 0.1, 0.1, -0.01, -0.01, -0.01, 28.57, 0
116766, 10.01, 0.1, 0.1, -0.02, -0.02, -0.02, 28.53, 0
0, 0.0, 0.0, 0.0, 0.0, 0.0, 0.0, 0.0, 0
117220, 10.05, 0.1, 0.1, -0.01, -0.01, -0.01, 28.57, 0
117352, 10.01, 0.1, 0.1, -0.02, -0.02, -0.02, 28.57, 0
117566, 10.03, 0.1, 0.1, -0.01, -0.01, -0.01, 28.53, 0
117859, 10.22, 0.1, 0.1, -0.02, -0.02, -0.02, 28.53, 0
0, 0.0, 0.0, 0.0, 0.0, 0.0, 0.0, 0.0, 0
118314, 9.98, 0.1, 0.1, -0.02, -0.02, -0.02, 28.53, 0
118439, 10.06, 0.1, 0.1, -0.02, -0.02, -0.02, 28.57, 0
118652, 10.15, 0.1, 0.1, -0.02, -0.02, -0.02, 28.43, 0
118850, 10.09, 0.1, 0.1, -0.02, -0.02, -0.02, 28.62, 0
118974, 9.98, 0.1, 0.1, -0.01, -0.01, -0.01, 28.57, 0
119261, 10.05, 0.1, 0.1, -0.02, -0.02, -0.02, 28.62, 0
119399, 10.0, 0.1, 0.1, -0.02, -0.02, -0.02, 28.53, 0
119600, 10.03, 0.1, 0.1, -0.02, -0.02, -0.02, 28.62, 0
119723, 10.25, 0.1, 0.1, -0.02, -0.02, -0.02, 28.48, 0
119940, 10.19, 0.1, 0.1, -0.02, -0.02, -0.02, 28.62, 0
120146, 10.05, 0.1, 0.1, -0.02, -0.02, -0.02, 28.48, 0
120287, 10.31, 0.1, 0.1, -0.03, -0.03, -0.03, 28.57, 0
120484, 10.14, 0.1, 0.1, -0.02, -0.02, -0.02, 28.48, 0
120611, 9.84, 0.1, 0.1, -0.02, -0.02, -0.02, 28.62, 0
120825, 10.07, 0.1, 0.1, -0.02, -0.02, -0.02, 28.53, 0
121029, 9.97, 0.1, 0.1, -0.02, -0.02, -0.02, 28.57, 0
121180, 10.15, 0.1, 0.1, -0.02, -0.02, -0.02, 28.71, 0
0, 0.0, 0.0, 0.0, 0.0, 0.0, 0.0, 0.0, 0
121723, 10.11, 0.1, 0.1, -0.02, -0.02, -0.02, 28.67, 0
122013, 9.98, 0.1, 0.1, -0.03, -0.03, -0.03, 28.71, 0
122160, 9.96, 0.1, 0.1, -0.02, -0.02, -0.02, 28.67, 0
122373, 10.02, 0.1, 0.1, -0.02, -0.02, -0.02, 28.67, 0
122590, 10.0, 0.1, 0.1, -0.02, -0.02, -0.02, 28.62, 0
122810, 10.05, 0.1, 0.1, -0.02, -0.02, -0.02, 28.53, 0
123098, 9.91, 0.1, 0.1, -0.02, -0.02, -0.02, 28.53, 0
123248, 10.04, 0.1, 0.1, -0.01, -0.01, -0.01, 28.43, 0
123461, 10.0, 0.1, 0.1, -0.03, -0.03, -0.03, 28.53, 0
123662, 1004, -655410, -5062, -5, -5, -805309442, 2857, 1
123785, 10.09, 0.1, 0.1, -0.02, -0.02, -0.02, 28.57, 0
123996, 10.12, 0.1, 0.1, -0.02, -0.02, -0.02, 28.53, 0
0, 0.0, 0.0, 0.0, 0.0, 0.0, 0.0, 0.0, 0
124529, 10.04, 0.1, 0.1, -0.03, -0.03, -0.03, 28.48, 0
124655, 10.05, 0.1, 0.1, -0.02, -0.02, -0.02, 28.53, 0
124944, 10.22, 0.1, 0.1, -0.02, -0.02, -0.02, 28.53, 0
125096, 10.12, 0.1, 0.1, -0.02, -0.02, -0.02, 28.53, 0
125432, 10.11, 0.1, 0.1, -0.02, -0.02, -0.02, 28.71, 0
125644, 10.11, 0.1, 0.1, -0.01, -0.01, -0.01, 28.57, 0
125938, 10.13, 0.1, 0.1, -0.03, -0.03, -0.03, 28.48, 0
126197, 10.01, 0.1, 0.1, -0.02, -0.02, -0.02, 28.67, 0
126323, 10.01, 0.1, 0.1, -0.02, -0.02, -0.02, 28.67, 0
126540, 9.91, 0.1, 0.1, -0.02, -0.02, -0.02, 28.62, 0
126753, 10.19, 0.1, 0.1, -0.02, -0.02, -0.02, 28.57, 0
127046, 10.02, 0.1, 0.1, -0.02, -0.02, -0.02, 28.62, 0
127178, 10.1, 0.1, 0.1, -0.02, -0.02, -0.02, 28.67, 0
127377, 10.17, 0.1, 0.1, -0.03, -0.03, -0.03, 28.71, 0
127501, 10.11, 0.1, 0.1, -0.03, -0.03, -0.03, 28.67, 0
127793, 10.09, 0.1, 0.1, -0.03, -0.03, -0.03, 28.62, 0
0, 0.0, 0.0, 0.0, 0.0, 0.0, 0.0, 0.0, 0
128250, 10.03, 0.1, 0.1, -0.02, -0.02, -0.02, 28.53, 0
0, 0.0, 0.0, 0.0, 0.0, 0.0, 0.0, 0.0, 0
128719, 10.11, 0.1, 0.1, -0.03, -0.03, -0.03, 28.67, 0
129008, 10.11, 0.1, 0.1, -0.02, -0.02, -0.02, 28.53, 0
129165, 10.01, 0.1, 0.1, -0.02, -0.02, -0.02, 28.62, 0
129362, 9.84, 0.1, 0.1, -0.02, -0.02, -0.02, 28.71, 0
129489, 10.19, 0.1, 0.1, -0.02, -0.02, -0.02, 28.57, 0
129702, 10.02, 0.1, 0.1, -0.03, -0.03, -0.03, 28.67, 0
129922, 10.1, 0.1, 0.1, -0.02, -0.02, -0.02, 28.71, 0
0, 0.0, 0.0, 0.0, 0.0, 0.0, 0.0, 0.0, 0
130446, 9.93, 0.1, 0.1, -0.02, -0.02, -0.02, 28.71, 0
130573, 10.08, 0.1, 0.1, -0.02, -0.02, -0.02, 28.71, 0
130786, 9.97, 0.1, 0.1, -0.02, -0.02, -0.02, 28.76, 0
131077, 9.93, 0.1, 0.1, -0.02, -0.02, -0.02, 28.67, 0
131225, 10.21, 0.1, 0.1, -0.02, -0.02, -0.02, 28.71, 0
131514, 10.23, 0.1, 0.1, -0.02, -0.02, -0.02, 28.71, 0
131655, 10.11, 0.1, 0.1, -0.02, -0.02, -0.02, 28.67, 0
131875, 10.01, 0.1, 0.1, -0.03, -0.03, -0.03, 28.81, 0
132058, 10.16, 0.1, 0.1, -0.02, -0.02, -0.02, 28.67, 0
132312, 9.9, 0.1, 0.1, -0.03, -0.03, -0.03, 28.71, 0
132601, 10.08, 0.1, 0.1, -0.02, -0.02, -0.02, 28.57, 0
132818, 10.0, 0.1, 0.1, -0.02, -0.02, -0.02, 28.62, 0
132955, 10.07, 0.1, 0.1, -0.02, -0.02, -0.02, 28.67, 0
133141, 10.13, 0.1, 0.1, -0.02, -0.02, -0.02, 28.67, 0
133280, 9.91, 0.1, 0.1, -0.02, -0.02, -0.02, 28.62, 0
133499, 10.02, 0.1, 0.1, -0.03, -0.03, -0.03, 28.67, 0
133712, 9.92, 0.1, 0.1, -0.02, -0.02, -0.02, 28.62, 0
134006, 10.06, 0.1, 0.1, -0.02, -0.02, -0.02, 28.76, 0
0, 0.0, 0.0, 0.0, 0.0, 0.0, 0.0, 0.0, 0
134370, 10.03, 0.1, 0.1, -0.01, -0.01, -0.01, 28.57, 0
134370, 10.03, 0.1, 0.1, -0.01, -0.01, -0.01, 28.57, 0
134370, 10.03, 0.1, 0.1, -0.01, -0.01, -0.01, 28.57, 0
134956, 10.15, 0.1, 0.1, -0.01, -0.01, -0.01, 28.71, 0
134956, 10.15, 0.1, 0.1, -0.01, -0.01, -0.01, 28.71, 0
135508, 10.03, 0.1, 0.1, -0.03, -0.03, -0.03, 28.62, 0
135508, 10.03, 0.1, 0.1, -0.03, -0.03, -0.03, 28.62, 0
135508, 10.03, 0.1, 0.1, -0.03, -0.03, -0.03, 28.62, 0
135508, 10.03, 0.1, 0.1, -0.03, -0.03, -0.03, 28.62, 0
0, 0.0, 0.0, 0.0, 0.0, 0.0, 0.0, 0.0, 0
136444, 9.96, 0.1, 0.1, -0.02, -0.02, -0.02, 28.53, 0
136444, 9.96, 0.1, 0.1, -0.02, -0.02, -0.02, 28.53, 0
136444, 9.96, 0.1, 0.1, -0.02, -0.02, -0.02, 28.53, 0
136444, 9.96, 0.1, 0.1, -0.02, -0.02, -0.02, 28.53, 0
137396, 10.06, 0.1, 0.1, -0.03, -0.03, -0.03, 28.81, 0
137396, 10.06, 0.1, 0.1, -0.03, -0.03, -0.03, 28.81, 0
137396, 10.06, 0.1, 0.1, -0.03, -0.03, -0.03, 28.81, 0
137396, 10.06, 0.1, 0.1, -0.03, -0.03, -0.03, 28.81, 0
138232, 10.01, 0.1, 0.1, -0.03, -0.03, -0.03, 28.71, 0
138232, 10.01, 0.1, 0.1, -0.03, -0.03, -0.03, 28.71, 0
138232, 10.01, 0.1, 0.1, -0.03, -0.03, -0.03, 28.71, 0
138232, 10.01, 0.1, 0.1, -0.03, -0.03, -0.03, 28.71, 0
139102, 9.91, 0.1, 0.1, -0.02, -0.02, -0.02, 28.85, 0
139102, 9.91, 0.1, 0.1, -0.02, -0.02, -0.02, 28.85, 0
0, 0.0, 0.0, 0.0, 0.0, 0.0, 0.0, 0.0, 0
139906, 10.16, 0.1, 0.1, -0.02, -0.02, -0.02, 28.71, 0
140031, 10.12, 0.1, 0.1, -0.01, -0.01, -0.01, 28.85, 0
140241, 9.99, 0.1, 0.1, -0.02, -0.02, -0.02, 28.76, 0
140454, 1010, -44, -961, -6, -51, -98, 100667210, 1
140654, 10.17, 0.1, 0.1, -0.02, -0.02, -0.02, 28.76, 0
140849, 10.08, 0.1, 0.1, -0.02, -0.02, -0.02, 28.81, 0
140988, 10.16, 0.1, 0.1, -0.02, -0.02, -0.02, 28.81, 0
141200, 10.18, 0.1, 0.1, -0.02, -0.02, -0.02, 28.9, 0
141488, 10.03, 0.1, 0.1, -0.02, -0.02, -0.02, 28.9, 0
0, 0.0, 0.0, 0.0, 0.0, 0.0, 0.0, 0.0, 0
142025, 9.96, 0.1, 0.1, -0.03, -0.03, -0.03, 28.9, 0
142173, 10.15, 0.1, 0.1, -0.02, -0.02, -0.02, 29.0, 0
142308, 10.07, 0.1, 0.1, -0.02, -0.02, -0.02, 28.95, 0
142505, 10.07, 0.1, 0.1, -0.02, -0.02, -0.02, 28.9, 0
142701, 10.03, 0.1, 0.1, -0.02, -0.02, -0.02, 29.0, 0
0, 0.0, 0.0, 0.0, 0.0, 0.0, 0.0, 0.0, 0
143152, 10.03, 0.1, 0.1, -0.02, -0.02, -0.02, 29.14, 0
143295, 10.01, 0.1, 0.1, -0.02, -0.02, -0.02, 29.0, 0
143512, 10.18, 0.1, 0.1, -0.03, -0.03, -0.03, 29.09, 0
143798, 9.74, 0.1, 0.1, -0.03, -0.03, -0.03, 29.04, 0
143936, 10.14, 0.1, 0.1, -0.02, -0.02, -0.02, 29.09, 0
144154, 10.05, 0.1, 0.1, -0.02, -0.02, -0.02, 29.09, 0
144356, 9.99, 0.1, 0.1, -0.02, -0.02, -0.02, 29.04, 0
144553, 9.99, 0.1, 0.1, -0.02, -0.02, -0.02, 29.04, 0
144691, 9.89, 0.1, 0.1, -0.02, -0.02, -0.02, 29.04, 0
0, 0.0, 0.0, 0.0, 0.0, 0.0, 0.0, 0.0, 0
145083, 10.2, 0.1, 0.1, -0.02, -0.02, -0.02, 29.04, 0
0, 0.0, 0.0, 0.0, 0.0, 0.0, 0.0, 0.0, 0
145633, 10.09, 0.1, 0.1, -0.02, -0.02, -0.02, 29.14, 0
145772, 9.97, 0.1, 0.1, -0.02, -0.02, -0.02, 29.09, 0
145966, 9.95, 0.1, 0.1, -0.02, -0.02, -0.02, 29.18, 0
146166, 10.46, 0.1, 0.1, -0.03, -0.03, -0.03, 29.0, 0
146297, 10.06, 0.1, 0.1, -0.02, -0.02, -0.02, 29.14, 0
146511, 10.12, 0.1, 0.1, -0.01, -0.01, -0.01, 29.09, 0
146722, 10.12, 0.1, 0.1, -0.02, -0.02, -0.02, 29.04, 0
146937, 10.05, 0.1, 0.1, -0.02, -0.02, -0.02, 29.14, 0
147176, 10.03, 0.1, 0.1, -0.02, -0.02, -0.02, 29.14, 0
147371, 10.14, 0.1, 0.1, -0.03, -0.03, -0.03, 29.18, 0
147567, 10.01, 0.1, 0.1, -0.01, -0.01, -0.01, 29.18, 0
147705, 9.87, 0.1, 0.1, -0.02, -0.02, -0.02, 29.18, 0
147903, 10.06, 0.1, 0.1, -0.02, -0.02, -0.02, 29.18, 0
148098, 10.08, 0.1, 0.1, -0.02, -0.02, -0.02, 29.28, 0
148243, 10.14, 0.1, 0.1, -0.02, -0.02, -0.02, 29.18, 0
148455, 10.15, 0.1, 0.1, -0.03, -0.03, -0.03, 29.28, 0
148652, 10.02, 0.1, 0.1, -0.02, -0.02, -0.02, 29.28, 0
148852, 10.16, 0.1, 0.1, -0.02, -0.02, -0.02, 29.28, 0
0, 0.0, 0.0, 0.0, 0.0, 0.0, 0.0, 0.0, 0
149314, 10.02, 0.1, 0.1, -0.03, -0.03, -0.03, 29.23, 0
149436, 10.07, 0.1, 0.1, -0.01, -0.01, -0.01, 29.33, 0
149724, 10.1, 0.1, 0.1, -0.01, -0.01, -0.01, 29.33, 0
149859, 10.08, 0.1, 0.1, -0.03, -0.03, -0.03, 29.28, 0
150066, 10.04, 0.1, 0.1, -0.02, -0.02, -0.02, 29.33, 0
0, 0.0, 0.0, 0.0, 0.0, 0.0, 0.0, 0.0, 0
150524, 10.24, 0.1, 0.1, -0.02, -0.02, -0.02, 29.37, 0
0, 0.0, 0.0, 0.0, 0.0, 0.0, 0.0, 0.0, 0
150952, 10.03, 0.1, 0.1, -0.03, -0.03, -0.03, 29.33, 0
151072, 10.09, 0.1, 0.1, -0.02, -0.02, -0.02, 29.37, 0
151384, 9.78, 0.1, 0.1, -0.03, -0.03, -0.03, 29.37, 0
151522, 10.05, 0.1, 0.1, -0.02, -0.02, -0.02, 29.37, 0
0, 0.0, 0.0, 0.0, 0.0, 0.0, 0.0, 0.0, 0
151930, 10.1, 0.1, 0.1, -0.01, -0.01, -0.01, 29.37, 0
0, 0.0, 0.0, 0.0, 0.0, 0.0, 0.0, 0.0, 0
152283, 10.32, 0.1, 0.1, -0.02, -0.02, -0.02, 29.42, 0
152649, 10.06, 0.1, 0.1, -0.02, -0.02, -0.02, 29.37, 0
152847, 10.12, 0.1, 0.1, -0.02, -0.02, -0.02, 29.47, 0
152986, 10.03, 0.1, 0.1, -0.02, -0.02, -0.02, 29.42, 0
153186, 10.04, 0.1, 0.1, -0.02, -0.02, -0.02, 29.47, 0
153320, 10.12, 0.1, 0.1, -0.02, -0.02, -0.02, 29.47, 0
153519, 10.03, 0.1, 0.1, -0.02, -0.02, -0.02, 29.47, 0
153715, 10.02, 0.1, 0.1, -0.01, -0.01, -0.01, 29.47, 0
0, 0.0, 0.0, 0.0, 0.0, 0.0, 0.0, 0.0, 0
154048, 10.08, 0.1, 0.1, -0.02, -0.02, -0.02, 29.56, 0
154284, 10.0, 0.1, 0.1, -0.02, -0.02, -0.02, 29.65, 0
0, 0.0, 0.0, 0.0, 0.0, 0.0, 0.0, 0.0, 0
154896, 10.03, 0.1, 0.1, -0.02, -0.02, -0.02, 29.56, 0
155037, 10.12, 0.1, 0.1, -0.02, -0.02, -0.02, 29.51, 0
155235, 10.11, 0.1, 0.1, -0.01, -0.01, -0.01, 29.51, 0
155360, 10.14, 0.1, 0.1, -0.02, -0.02, -0.02, 29.56, 0
155569, 10.04, 0.1, 0.1, -0.02, -0.02, -0.02, 29.65, 0
155766, 10.25, 0.1, 0.1, -0.02, -0.02, -0.02, 29.7, 0
155963, 10.03, 0.1, 0.1, -0.02, -0.02, -0.02, 29.61, 0
156068, 9.91, 0.1, 0.1, -0.02, -0.02, -0.02, 29.65, 0
156299, 9.94, 0.1, 0.1, -0.02, -0.02, -0.02, 29.56, 0
156498, 9.96, 0.1, 0.1, -0.02, -0.02, -0.02, 29.75, 0
156635, 10.21, 0.1, 0.1, -0.02, -0.02, -0.02, 29.65, 0
156832, 10.07, 0.1, 0.1, -0.02, -0.02, -0.02, 29.65, 0
157028, 10.13, 0.1, 0.1, -0.03, -0.03, -0.03, 29.75, 0
157175, 10.06, 0.1, 0.1, -0.02, -0.02, -0.02, 29.75, 0
157311, 9.89, 0.1, 0.1, -0.02, -0.02, -0.02, 29.7, 0
157509, 10.05, 0.1, 0.1, -0.01, -0.01, -0.01, 29.65, 0
157705, 9.97, 0.1, 0.1, -0.02, -0.02, -0.02, 29.65, 0
0, 0.0, 0.0, 0.0, 0.0, 0.0, 0.0, 0.0, 0
158046, 10.12, 0.1, 0.1, -0.02, -0.02, -0.02, 29.56, 0
0, 0.0, 0.0, 0.0, 0.0, 0.0, 0.0, 0.0, 0
158472, 10.02, 0.1, 0.1, -0.01, -0.01, -0.01, 29.51, 0
158598, 10.09, 0.1, 0.1, -0.02, -0.02, -0.02, 29.61, 0
158807, 10.08, 0.1, 0.1, -0.03, -0.03, -0.03, 29.65, 0
159024, 9.78, 0.1, 0.1, -0.02, -0.02, -0.02, 29.65, 0
159216, 10.18, 0.1, 0.1, -0.02, -0.02, -0.02, 29.42, 0
159416, 10.37, 0.1, 0.1, -0.02, -0.02, -0.02, 29.51, 0
0, 0.0, 0.0, 0.0, 0.0, 0.0, 0.0, 0.0, 0
159878, 10.09, 0.1, 0.1, -0.01, -0.01, -0.01, 29.51, 0
160064, 10.17, 0.1, 0.1, -0.02, -0.02, -0.02, 29.56, 0
160311, 10.15, 0.1, 0.1, -0.02, -0.02, -0.02, 29.42, 0
160521, 10.06, 0.1, 0.1, -0.02, -0.02, -0.02, 29.51, 0
160720, 10.07, 0.1, 0.1, -0.03, -0.03, -0.03, 29.42, 0
160917, 10.07, 0.1, 0.1, -0.02, -0.02, -0.02, 29.33, 0
161157, 10.11, 0.1, 0.1, -0.03, -0.03, -0.03, 29.28, 0
161367, 10.07, 0.1, 0.1, -0.02, -0.02, -0.02, 29.42, 0
161505, 10.08, 0.1, 0.1, -0.01, -0.01, -0.01, 29.37, 0
161703, 10.03, 0.1, 0.1, -0.02, -0.02, -0.02, 29.37, 0
161903, 9.93, 0.1, 0.1, -0.02, -0.02, -0.02, 29.47, 0
162038, 10.14, 0.1, 0.1, -0.02, -0.02, -0.02, 29.42, 0
162239, 10.05, 0.1, 0.1, -0.02, -0.02, -0.02, 29.51, 0
162434, 10.06, 0.1, 0.1, -0.02, -0.02, -0.02, 29.47, 0
162574, 10.11, 0.1, 0.1, -0.01, -0.01, -0.01, 29.56, 0
162768, 10.08, 0.1, 0.1, -0.02, -0.02, -0.02, 29.51, 0
162969, 10.13, 0.1, 0.1, -0.02, -0.02, -0.02, 29.51, 0
0, 0.0, 0.0, 0.0, 0.0, 0.0, 0.0, 0.0, 0
163423, 10.12, 0.1, 0.1, -0.02, -0.02, -0.02, 29.61, 0
163623, 10.08, 0.1, 0.1, -0.02, -0.02, -0.02, 29.61, 0
163757, 10.14, 0.1, 0.1, -0.02, -0.02, -0.02, 29.56, 0
163954, 10.15, 0.1, 0.1, -0.02, -0.02, -0.02, 29.47, 0
164155, 10.26, 0.1, 0.1, -0.02, -0.02, -0.02, 29.56, 0
164295, 10.07, 0.1, 0.1, -0.02, -0.02, -0.02, 29.37, 0
164490, 10.06, 0.1, 0.1, -0.02, -0.02, -0.02, 29.47, 0
164688, 10.12, 0.1, 0.1, -0.02, -0.02, -0.02, 29.47, 0
164825, 10.04, 0.1, 0.1, -0.02, -0.02, -0.02, 29.51, 0
165021, 10.14, 0.1, 0.1, -0.02, -0.02, -0.02, 29.51, 0
165223, 10.03, 0.1, 0.1, -0.01, -0.01, -0.01, 29.56, 0
0, 0.0, 0.0, 0.0, 0.0, 0.0, 0.0, 0.0, 0
165572, 10.08, 0.1, 0.1, -0.01, -0.01, -0.01, 29.56, 0
165670, 10.02, 0.1, 0.1, -0.02, -0.02, -0.02, 29.42, 0
166103, 10.09, 0.1, 0.1, -0.02, -0.02, -0.02, 29.47, 0
166246, 9.96, 0.1, 0.1, -0.02, -0.02, -0.02, 29.61, 0
166443, 10.05, 0.1, 0.1, -0.02, -0.02, -0.02, 29.65, 0
166643, 9.82, 0.1, 0.1, -0.02, -0.02, -0.02, 29.65, 0
166779, 10.26, 0.1, 0.1, -0.02, -0.02, -0.02, 29.61, 0
166977, 10.11, 0.1, 0.1, -0.02, -0.02, -0.02, 29.65, 0
167070, 10.13, 0.1, 0.1, -0.02, -0.02, -0.02, 29.65, 0
167315, 10.09, 0.1, 0.1, -0.02, -0.02, -0.02, 29.56, 0
167607, 10.07, 0.1, 0.1, -0.02, -0.02, -0.02, 29.75, 0
0, 0.0, 0.0, 0.0, 0.0, 0.0, 0.0, 0.0, 0
168052, 10.09, 0.1, 0.1, -0.02, -0.02, -0.02, 29.51, 0
168279, 10.1, 0.1, 0.1, -0.01, -0.01, -0.01, 29.65, 0
168475, 10.15, 0.1, 0.1, -0.01, -0.01, -0.01, 29.61, 0
168615, 10.21, 0.1, 0.1, -0.02, -0.02, -0.02, 29.65, 0
168809, 9.93, 0.1, 0.1, -0.01, -0.01, -0.01, 29.65, 0
169012, 9.88, 0.1, 0.1, -0.02, -0.02, -0.02, 29.7, 0
0, 0.0, 0.0, 0.0, 0.0, 0.0, 0.0, 0.0, 0
169462, 10.15, 0.1, 0.1, -0.02, -0.02, -0.02, 29.75, 0
169661, 10.04, 0.1, 0.1, -0.02, -0.02, -0.02, 29.75, 0
169796, 9.98, 0.1, 0.1, -0.02, -0.02, -0.02, 29.7, 0
169996, 10.11, 0.1, 0.1, -0.02, -0.02, -0.02, 29.75, 0
170124, 9.99, 0.1, 0.1, -0.03, -0.03, -0.03, 29.8, 0
170339, 10.12, 0.1, 0.1, -0.02, -0.02, -0.02, 29.89, 0
170624, 10.07, 0.1, 0.1, -0.02, -0.02, -0.02, 29.89, 0
0, 0.0, 0.0, 0.0, 0.0, 0.0, 0.0, 0.0, 0
170978, 10.06, 0.1, 0.1, -0.02, -0.02, -0.02, 30.03, 0
171183, 10.06, 0.1, 0.1, -0.02, -0.02, -0.02, 29.84, 0
171319, 10.03, 0.1, 0.1, -0.02, -0.02, -0.02, 29.94, 0
0, 0.0, 0.0, 0.0, 0.0, 0.0, 0.0, 0.0, 0
171720, 10.23, 0.1, 0.1, -0.02, -0.02, -0.02, 30.03, 0
171856, 10.09, 0.1, 0.1, -0.02, -0.02, -0.02, 30.08, 0
172052, 10.22, 0.1, 0.1, -0.01, -0.01, -0.01, 29.94, 0
172362, 9.9, 0.1, 0.1, -0.02, -0.02, -0.02, 30.03, 0
0, 0.0, 0.0, 0.0, 0.0, 0.0, 0.0, 0.0, 0
172826, 10.02, 0.1, 0.1, -0.02, -0.02, -0.02, 30.13, 0
173038, 8.24, 0.08, 0.08, -0.02, -0.02, -0.02, 30.08, 0
173238, 9.97, 0.1, 0.1, -0.02, -0.02, -0.02, 30.08, 0
173434, 9.92, 0.1, 0.1, -0.02, -0.02, -0.02, 30.17, 0
0, 0.0, 0.0, 0.0, 0.0, 0.0, 0.0, 0.0, 0
173785, 10.0, 0.1, 0.1, -0.02, -0.02, -0.02, 30.13, 0
174071, 10.05, 0.1, 0.1, -0.02, -0.02, -0.02, 30.08, 0
174224, 10.9, 0.11, 0.11, -0.03, -0.03, -0.03, 30.22, 0
174513, 9.86, 0.1, 0.1, -0.02, -0.02, -0.02, 30.22, 0
0, 0.0, 0.0, 0.0, 0.0, 0.0, 0.0, 0.0, 0
174865, 9.91, 0.1, 0.1, -0.02, -0.02, -0.02, 30.22, 0
175090, 10.12, 0.1, 0.1, -0.02, -0.02, -0.02, 30.27, 0
175301, 10.13, 0.1, 0.1, -0.02, -0.02, -0.02, 30.31, 0
175426, 10.06, 0.1, 0.1, -0.02, -0.02, -0.02, 30.27, 0
175640, 10.09, 0.1, 0.1, -0.02, -0.02, -0.02, 30.31, 0
175926, 10.0, 0.1, 0.1, -0.02, -0.02, -0.02, 30.31, 0
0, 0.0, 0.0, 0.0, 0.0, 0.0, 0.0, 0.0, 0
176383, 10.07, 0.1, 0.1, -0.02, -0.02, -0.02, 30.36, 0
176581, 10.1, 0.1, 0.1, -0.02, -0.02, -0.02, 30.41, 0
176716, 10.06, 0.1, 0.1, -0.02, -0.02, -0.02, 30.5, 0
176914, 9.83, 0.1, 0.1, -0.02, -0.02, -0.02, 30.45, 0
177106, 10.11, 0.1, 0.1, -0.02, -0.02, -0.02, 30.45, 0
177248, 9.94, 0.1, 0.1, -0.02, -0.02, -0.02, 30.5, 0
177442, 10.04, 0.1, 0.1, -0.02, -0.02, -0.02, 30.5, 0
177643, 10.07, 0.1, 0.1, -0.02, -0.02, -0.02, 30.64, 0
177779, 10.17, 0.1, 0.1, -0.01, -0.01, -0.01, 30.55, 0
177977, 10.07, 0.1, 0.1, -0.02, -0.02, -0.02, 30.6, 0
178174, 10.14, 0.1, 0.1, -0.02, -0.02, -0.02, 30.6, 0
178313, 10.15, 0.1, 0.1, -0.02, -0.02, -0.02, 30.45, 0
178507, 10.19, 0.1, 0.1, -0.03, -0.03, -0.03, 30.64, 0
178708, 10.07, 0.1, 0.1, -0.02, -0.02, -0.02, 30.64, 0
178845, 10.05, 0.1, 0.1, -0.02, -0.02, -0.02, 30.6, 0
179044, 10.02, 0.1, 0.1, -0.02, -0.02, -0.02, 30.64, 0
179044, 10.02, 0.1, 0.1, -0.02, -0.02, -0.02, 30.64, 0
179442, 10.02, 0.1, 0.1, -0.02, -0.02, -0.02, 30.6, 0
179563, 10.01, 0.1, 0.1, -0.02, -0.02, -0.02, 30.69, 0
179776, 9.99, 0.1, 0.1, -0.03, -0.03, -0.03, 30.74, 0
179976, 10.09, 0.1, 0.1, -0.02, -0.02, -0.02, 30.74, 0
180172, 10.15, 0.1, 0.1, -0.02, -0.02, -0.02, 30.83, 0
0, 0.0, 0.0, 0.0, 0.0, 0.0, 0.0, 0.0, 0
180522, 10.0, 0.1, 0.1, -0.02, -0.02, -0.02, 30.83, 0
180811, 10.06, 0.1, 0.1, -0.03, -0.03, -0.03, 30.83, 0
181069, 10.07, 0.1, 0.1, -0.02, -0.02, -0.02, 30.83, 0
181202, 9.99, 0.1, 0.1, -0.02, -0.02, -0.02, 30.83, 0
0, 0.0, 0.0, 0.0, 0.0, 0.0, 0.0, 0.0, 0
181610, 10.01, 0.1, 0.1, -0.01, -0.01, -0.01, 30.83, 0
181740, 9.94, 0.1, 0.1, -0.03, -0.03, -0.03, 30.88, 0
181950, 10.04, 0.1, 0.1, -0.01, -0.01, -0.01, 30.93, 0
0, 0.0, 0.0, 0.0, 0.0, 0.0, 0.0, 0.0, 0
182489, 10.03, 0.1, 0.1, -0.02, -0.02, -0.02, 30.88, 0
182700, 10.05, 0.1, 0.1, -0.02, -0.02, -0.02, 30.78, 0
182989, 9.98, 0.1, 0.1, -0.02, -0.02, -0.02, 30.78, 0
0, 0.0, 0.0, 0.0, 0.0, 0.0, 0.0, 0.0, 0
183456, 10.02, 0.1, 0.1, -0.02, -0.02, -0.02, 30.78, 0
183743, 10.06, 0.1, 0.1, -0.02, -0.02, -0.02, 30.93, 0
0, 0.0, 0.0, 0.0, 0.0, 0.0, 0.0, 0.0, 0
184063, 9.93, 0.1, 0.1, -0.02, -0.02, -0.02, 30.88, 0
184383, 10.07, 0.1, 0.1, -0.02, -0.02, -0.02, 30.97, 0
184519, 9.95, 0.1, 0.1, -0.02, -0.02, -0.02, 30.97, 0
184717, 10.13, 0.1, 0.1, -0.01, -0.01, -0.01, 30.88, 0
184917, 10.03, 0.1, 0.1, -0.02, -0.02, -0.02, 30.93, 0
0, 0.0, 0.0, 0.0, 0.0, 0.0, 0.0, 0.0, 0
185375, 10.06, 0.1, 0.1, -0.02, -0.02, -0.02, 30.93, 0
185573, 10.08, 0.1, 0.1, -0.02, -0.02, -0.02, 30.97, 0
185788, 10.05, 0.1, 0.1, -0.01, -0.01, -0.01, 31.02, 0
185923, 10.15, 0.1, 0.1, -0.02, -0.02, -0.02, 31.02, 0
186102, 10.01, 0.1, 0.1, -0.01, -0.01, -0.01, 31.11, 0
186319, 10.03, 0.1, 0.1, 0.0, 0.0, 0.0, 31.07, 0
186459, 9.75, 0.1, 0.1, -0.02, -0.02, -0.02, 31.11, 0
186653, 10.03, 0.1, 0.1, -0.02, -0.02, -0.02, 31.11, 0
186853, 9.94, 0.1, 0.1, -0.02, -0.02, -0.02, 31.11, 0
187075, 10.1, 0.1, 0.1, -0.02, -0.02, -0.02, 31.07, 0
187305, 10.11, 0.1, 0.1, -0.02, -0.02, -0.02, 31.07, 0
0, 0.0, 0.0, 0.0, 0.0, 0.0, 0.0, 0.0, 0
187655, 10.14, 0.1, 0.1, -0.02, -0.02, -0.02, 31.07, 0
187942, 10.07, 0.1, 0.1, -0.02, -0.02, -0.02, 31.07, 0
0, 0.0, 0.0, 0.0, 0.0, 0.0, 0.0, 0.0, 0
0, 0.0, 0.0, 0.0, 0.0, 0.0, 0.0, 0.0, 0
188608, 11.79, 0.12, 0.12, -1.26, -1.26, -1.26, 31.07, 0
188730, 11.04, 0.11, 0.11, -1.4, -1.4, -1.4, 30.97, 0
188933, 6.72, 0.07, 0.07, -0.99, -0.99, -0.99, 31.02, 0
0, 0.0, 0.0, 0.0, 0.0, 0.0, 0.0, 0.0, 0
189476, 3.21, 0.03, 0.03, -0.56, -0.56, -0.56, 31.16, 0
189613, 2.4, 0.02, 0.02, -0.32, -0.32, -0.32, 31.11, 0
189811, 2.53, 0.03, 0.03, -0.1, -0.1, -0.1, 31.11, 0
190007, 2.49, 0.02, 0.02, -0.11, -0.11, -0.11, 31.11, 0
0, 0.0, 0.0, 0.0, 0.0, 0.0, 0.0, 0.0, 0
190473, 1.35, 0.01, 0.01, 0.21, 0.21, 0.21, 31.11, 0
190764, 0.92, 0.01, 0.01, 0.68, 0.68, 0.68, 31.21, 0
190902, 1.38, 0.01, 0.01, 0.76, 0.76, 0.76, 31.16, 0
191120, 1.27, 0.01, 0.01, 0.35, 0.35, 0.35, 31.16, 0
191325, 1.1, 0.01, 0.01, 0.12, 0.12, 0.12, 31.21, 0
191521, 1.4, 0.01, 0.01, -0.09, -0.09, -0.09, 31.21, 0
191658, 0.78, 0.01, 0.01, -0.41, -0.41, -0.41, 31.25, 0
0, 0.0, 0.0, 0.0, 0.0, 0.0, 0.0, 0.0, 0
192052, 2.31, 0.02, 0.02, -0.29, -0.29, -0.29, 31.25, 0
192276, 1.86, 0.02, 0.02, -0.38, -0.38, -0.38, 31.3, 0
192424, 2.6, 0.03, 0.03, -0.15, -0.15, -0.15, 31.25, 0
192730, 2.09, 0.02, 0.02, -0.37, -0.37, -0.37, 31.25, 0
192941, 2.23, 0.02, 0.02, -0.29, -0.29, -0.29, 31.25, 0
193154, 2.34, 0.02, 0.02, -0.15, -0.15, -0.15, 31.25, 0
193289, 2.4, 0.02, 0.02, -0.05, -0.05, -0.05, 31.25, 0
0, 0.0, 0.0, 0.0, 0.0, 0.0, 0.0, 0.0, 0
193697, 1.85, 0.02, 0.02, 0.0, 0.0, 0.0, 31.3, 0
193824, 2.08, 0.02, 0.02, 0.0, 0.0, 0.0, 31.25, 0
194106, 2.09, 0.02, 0.02, 0.05, 0.05, 0.05, 31.35, 0
194251, 2.21, 0.02, 0.02, -0.06, -0.06, -0.06, 31.21, 0
194465, 2.01, 0.02, 0.02, -0.01, -0.01, -0.01, 31.21, 0
194680, 2.27, 0.02, 0.02, 0.03, 0.03, 0.03, 31.25, 0
194877, 2.28, 0.02, 0.02, -0.02, -0.02, -0.02, 31.25, 0
195072, 2.07, 0.02, 0.02, -0.04, -0.04, -0.04, 31.35, 0
195218, 2.37, 0.02, 0.02, 0.03, 0.03, 0.03, 31.3, 0
195508, 1.97, 0.02, 0.02, 1.1, 1.1, 1.1, 31.3, 0
0, 0.0, 0.0, 0.0, 0.0, 0.0, 0.0, 0.0, 0
195858, -0.07, -0.0, -0.0, 0.17, 0.17, 0.17, 31.4, 0
196068, -0.87, -0.01, -0.01, -1.98, -1.98, -1.98, 31.35, 0
196292, -0.92, -0.01, -0.01, -0.73, -0.73, -0.73, 31.54, 0
196418, -0.24, -0.0, -0.0, -0.42, -0.42, -0.42, 31.44, 0
196703, -0.95, -0.01, -0.01, 0.04, 0.04, 0.04, 31.44, 0
0, 0.0, 0.0, 0.0, 0.0, 0.0, 0.0, 0.0, 0
197061, -0.79, -0.01, -0.01, -0.02, -0.02, -0.02, 31.54, 0
197384, -0.63, -0.01, -0.01, -0.03, -0.03, -0.03, 31.54, 0
197523, -0.44, -0.0, -0.0, -0.03, -0.03, -0.03, 31.49, 0
197717, -0.35, -0.0, -0.0, -0.03, -0.03, -0.03, 31.58, 0
197841, -0.51, -0.01, -0.01, -0.04, -0.04, -0.04, 31.44, 0
198148, -0.28, -0.0, -0.0, 0.0, 0.0, 0.0, 31.4, 0
198372, -0.34, -0.0, -0.0, -0.01, -0.01, -0.01, 31.54, 0
198509, -0.24, -0.0, -0.0, -0.03, -0.03, -0.03, 31.49, 0
198706, -0.36, -0.0, -0.0, -0.04, -0.04, -0.04, 31.44, 0
198903, -0.41, -0.0, -0.0, -0.02, -0.02, -0.02, 31.54, 0
0, 0.0, 0.0, 0.0, 0.0, 0.0, 0.0, 0.0, 0
199362, -0.33, -0.0, -0.0, 0.27, 0.27, 0.27, 31.54, 0
199558, 0.51, 0.01, 0.01, 0.07, 0.07, 0.07, 31.49, 0
0, 0.0, 0.0, 0.0, 0.0, 0.0, 0.0, 0.0, 0
200097, 0.53, 0.01, 0.01, -0.22, -0.22, -0.22, 31.68, 0
200314, 0.39, 0.0, 0.0, 0.01, 0.01, 0.01, 31.68, 0
200452, 0.32, 0.0, 0.0, 0.16, 0.16, 0.16, 31.63, 0
200646, 0.62, 0.01, 0.01, -0.01, -0.01, -0.01, 31.77, 0
200846, -0.19, -0.0, -0.0, 0.02, 0.02, 0.02, 31.68, 0
200983, 0.04, 0.0, 0.0, -0.08, -0.08, -0.08, 31.82, 0
201185, -0.08, -0.0, -0.0, -0.08, -0.08, -0.08, 31.77, 0
201324, -0.1, -0.0, -0.0, 0.01, 0.01, 0.01, 31.73, 0
201523, 0.0, 0.0, 0.0, -0.05, -0.05, -0.05, 31.91, 0
201648, -0.02, -0.0, -0.0, -0.03, -0.03, -0.03, 31.87, 0
201859, 0.06, 0.0, 0.0, -0.14, -0.14, -0.14, 31.82, 0
202066, 0.93, 0.01, 0.01, -0.66, -0.66, -0.66, 31.82, 0
0, 0.0, 0.0, 0.0, 0.0, 0.0, 0.0, 0.0, 0
202603, -1.53, -0.02, -0.02, -0.07, -0.07, -0.07, 31.96, 0
0, 0.0, 0.0, 0.0, 0.0, 0.0, 0.0, 0.0, 0
202953, -1.81, -0.02, -0.02, 0.09, 0.09, 0.09, 31.96, 0
0, 0.0, 0.0, 0.0, 0.0, 0.0, 0.0, 0.0, 0
203483, -2.12, -0.02, -0.02, 0.25, 0.25, 0.25, 32.01, 0
203607, -1.86, -0.02, -0.02, 0.33, 0.33, 0.33, 32.01, 0
203818, -1.8, -0.02, -0.02, 0.2, 0.2, 0.2, 32.05, 0
204016, -2.28, -0.02, -0.02, -0.15, -0.15, -0.15, 32.05, 0
204213, -2.34, -0.02, -0.02, -0.03, -0.03, -0.03, 32.15, 0
204352, -1.95, -0.02, -0.02, -0.21, -0.21, -0.21, 32.1, 0
0, 0.0, 0.0, 0.0, 0.0, 0.0, 0.0, 0.0, 0
204760, -1.77, -0.02, -0.02, 0.0, 0.0, 0.0, 32.29, 0
204882, -1.45, -0.01, -0.01, -0.08, -0.08, -0.08, 32.15, 0
205068, -1.64, -0.02, -0.02, -0.14, -0.14, -0.14, 32.15, 0
205308, -1.39, -0.01, -0.01, -0.04, -0.04, -0.04, 32.2, 0
205508, -1.65, -0.02, -0.02, -0.07, -0.07, -0.07, 32.29, 0
205706, -1.69, -0.02, -0.02, -0.06, -0.06, -0.06, 32.2, 0
205740, -1.71, -0.02, -0.02, -0.01, -0.01, -0.01, 32.24, 0
